                  epoch,         train/box_loss,         train/cls_loss,         train/dfl_loss,   metrics/precision(B),      metrics/recall(B),       metrics/mAP50(B),    metrics/mAP50-95(B),           val/box_loss,           val/cls_loss,           val/dfl_loss,                 lr/pg0,                 lr/pg1,                 lr/pg2
                      0,                0.88599,                 4.1619,                 1.2201,                0.06212,                0.20761,                0.04961,                0.04272,                0.59261,                 3.3493,                 1.0176,               0.070268,              0.0033036,              0.0033036
                      1,                0.80756,                 2.9494,                  1.139,                0.18384,                0.30577,                0.16018,                0.13277,                0.63932,                 2.7067,                 1.0474,               0.040136,              0.0065055,              0.0065055
                      2,                0.84438,                 2.6042,                 1.1479,                  0.146,                 0.1845,                0.08034,                0.05763,                 0.9888,                 3.8798,                 1.3631,               0.009873,              0.0095754,              0.0095754
                      3,                0.90342,                 2.5586,                  1.182,                0.28069,                0.34066,                0.24599,                0.18997,                0.79506,                 2.5427,                 1.1772,               0.009406,               0.009406,               0.009406
